ASV,taxonomy.Guild,taxonomy.Phylum,taxonomy.Class,taxonomy.Order,taxonomy.Family,taxonomy.Genus,taxonomy.Species,Name,Mean relative abundance
CCGAGTTTACAACTCCCAAACCCCTGTGAACATACCTATCGTTGCCTCGGCGGTGCCCGCTCCGGCGGCCCGCCAGAGGACCCCAAACTCTTGTTTTATACAGTATCTTCTGAGTAACACGATTAAATAAATCA,Animal Pathogen-Endophyte-Fungal Parasite-Lichen Parasite-Plant Pathogen-Wood Saprotroph,p__Ascomycota,c__Sordariomycetes,Hypocreales,Nectriaceae,Neonectria,candida,Neonectria candida,0.0892
CAGAGTTCATGCCCTCACGGGTAGATCTCCCACCCTTGAATATCATACCTTAGTTGCTTTGGTAGGCCGTGGAAACACTATGGGCTCCAGCTCGTACGTGCCTACCGAAGGAAACAAACTCTGTTTCTAGTGATGTCTGAGTACTATATAATAGTTA,|Plant Saprotroph|-Undefined Saprotroph,p__Ascomycota,c__Leotiomycetes,Helotiales,Discinellaceae,Lemonniera,centrosphaera,Lemonniera centrosphaera,0.1135
TCAAGTTACAGCGGAGGCACCCTCGGGTGTCCTCCTGTCTGCAACCCTTGTCTTTTGCGTACTGTATGTTTCCTCGGCGGGCGAGCCCGCCGATAGGACACTTATAAACCCTTTGTAATTGCAATCAGCGTCAGAAAAACTTATAATAGTTA,|Undefined Saprotroph|,p__Ascomycota,c__Dothideomycetes,Pleosporales,Neopyrenochaetaceae,Neopyrenochaeta,annellidica,Neopyrenochaeta annellidica,0.1086
CTGAGTACTACACTCTCTACCCTTTGTGAACTATTATACCTGTTGCTTCGGCGGCGCCCGCAAGGGTGCCCGCCGGTCTCATCAGAATCTCTGTTTTCGAACCCGACGATACTTCTGAGTGTTCTTAGCGAACTGTCA,Endophyte-Plant Pathogen,p__Ascomycota,c__Sordariomycetes,Glomerellales,Plectosphaerellaceae,Plectosphaerella,cucumerina,Plectosphaerella cucumerina,0.1714
CCGAGAGTTGTAGGCTTCTGTCTACCATCTCTTACCCATGTCTTTTGCGTACTTAACGTTTCCTCGGCAGGTCCGCCTGCCGTAGGACAATTATAAACCATTTGCAGTTGCAGTCAGCGTCTGAAAAACATAATAATTA,Animal Pathogen-Plant Pathogen-Undefined Saprotroph,p__Ascomycota,c__Dothideomycetes,Pleosporales,Didymellaceae,Neoascochyta,desmazieri,Neoascochyta desmazieri,0.0226
CCGAGTTTACAACTCCCAAACCCCTGTGAACATACCTATGTTGCTTCGGCGGGATTCGCCCCGGCGCCTTCGGGCCCGGACCCAGGCGCCCGCCGGAGGACCCAAACTCTTGTCTTCATGAGAATCTTCTGAGTGATACAAGCAAATAAATTA,Animal Pathogen-Endophyte-Fungal Parasite-Lichen Parasite-Plant Pathogen-Wood Saprotroph,p__Ascomycota,c__Sordariomycetes,Hypocreales,Nectriaceae,NA,NA,Nectriaceae sp.,0.0589
CCGTGGGGATTCGTCCCCATTGAGATAGCACCCTTTGTTTATGAGTACCCTGTTTCCTCGGCGGGCTTGCCCGCCGCTAGGACCTTTAAAACCCTTTGTAGTAGCAGTATCTTCAGTTAAAACAAAATTATTA,NA,p__Ascomycota,c__Dothideomycetes,Pleosporales,NA,NA,,Pleosporales sp.,0.0255
TCAAAACAGCGGACTTCGGTCCTTGCTGCACCCTTGTCTTTTGCGTACCGTATGTTTCCTCGGCGGGCTTGCCTGCCGGTTGGACATTATCAAACCTTTTTGTAGTTGCAATCAGCGTCAGAAAATAATAATAATTA,Plant Pathogen-Wood Saprotroph,p__Ascomycota,c__Dothideomycetes,Pleosporales,Cucurbitariaceae,Pyrenochaetopsis,leptospora,Pyrenochaetopsis leptospora,0.0093
CAAGTGACCCCGGTCTAACCACCGGGATGTTCATAACCCTTTGTTGTCCGACTCTGTTGCCTCCGGGGCGACCCTGCCTTCGGGCGGGGGCTCCGGGTGGACACTTCAAACTCTTGCGTAACTTTGCAGTCTGAGTAAACTTAATTAATAAATTA,Animal Pathogen-Endophyte-Lichen Parasite-Plant Pathogen-Wood Saprotroph,p__Ascomycota,c__Dothideomycetes,Capnodiales,Cladosporiaceae,Cladosporium,subuliforme,Cladosporium subuliforme,0.0286
AAGAGTTGAAAATACTCCCAAAACCCCCTGTGAACTCATACTTTTGTCGTTGCTTCGGCGGGCTTTAGAGGCCTAAAGCCTGCCGGAGGTATTAAAAACTCCTTTTTAAAGACCTAGATCTCTGAGCAAAAATACAAATAAAGTCA,Plant Pathogen,p__Ascomycota,c__Sordariomycetes,Magnaporthales,Magnaporthaceae,Pseudohalonectria,adversaria,Pseudohalonectria adversaria,0.0176
GTGAATGCCTGGGCTGTCATACGGACTGCGGTCTCTGACGCCCACCCACTATATCCGCAAACCCTGTGCACTGTGGTGTTGTCTTGGACACACCTCGCCAACCAACTCGTCTTTGTATCTGTACGTGTCTACTTGGCCTAAGCCAAAAATCAACA,NA,p__Basidiomycota,c__Malasseziomycetes,Malasseziales,Malasseziaceae,NA,NA,Malasseziaceae sp.,0.0111
TCAAATGCTTTAAGAAGTCTAAACAACTTCTTACTGTTCACCCTTTGTCTTTTGCGTACTGTATGTTTCCTCGGTGGGTTCGCCCGCCGATAGGACATTTAAAACCCTTTGTAGTTGCAATCAGCGTCAGAAAAAAACTATAATAGTTA,NA,p__Ascomycota,c__Dothideomycetes,Pleosporales,NA,NA,NA,Pleosporales sp.,0.0065
ATGATGCCCTCGAAGTCTTTGGACTGGTAGGGTTTGTGTCGGTCTCTCCGGAGCCGACCTTATCTCACACACCGTGAACTGTGGCTTCGGCCATTTACACAAACTGTTAGTAATGAATGTAACATCATAACAAACATA,Fungal Parasite-Undefined Saprotroph,p__Basidiomycota,c__Tremellomycetes,Tremellales,Bulleribasidiaceae,Vishniacozyma,heimaeyensis,Vishniacozyma heimaeyensis,0.001
